order_id,customer_id,product_id,order_date,quantity,TotalAmount,status,payment_method
1,599,191,2019-08-03T17:54:40.477+07:00,249,49428.48,pending,cash on delivery
2,286,308,2021-02-14T15:44:46.485+07:00,337,15260.71,delivered,credit card
3,770,784,2018-05-30T15:45:10.651+07:00,308,21442.16,delivered,PayPal
4,974,668,2013-10-04T01:41:05.625+07:00,384,45636.54,delivered,PayPal
5,977,810,2020-07-21T22:09:07.442+07:00,177,11915.23,delivered,credit card
6,537,392,2014-09-26T20:26:38.500+07:00,356,45222.95,processing,PayPal
7,583,858,2020-07-02T17:35:01.221+07:00,171,39642.74,delivered,cash on delivery
8,394,939,2015-01-28T19:08:55.061+07:00,146,14193.71,pending,credit card
9,72,417,2023-05-17T20:27:42.219+07:00,250,40034.07,pending,PayPal
10,35,162,2019-05-29T05:17:22.725+07:00,392,13203.6,delivered,cash on delivery
11,79,155,2021-05-03T21:43:09.457+07:00,252,40558.84,processing,credit card
12,436,259,2013-03-19T17:28:48.426+07:00,396,15294.62,delivered,credit card
13,1000,771,2011-08-04T03:08:27.345+07:00,351,48437.01,shipped,PayPal
14,173,610,2023-09-20T00:49:15.425+07:00,137,29350.93,delivered,cash on delivery
15,520,38,2012-06-26T19:21:58.800+07:00,360,14520.65,pending,cash on delivery
16,559,421,2021-04-15T09:13:33.703+07:00,53,31933.22,processing,credit card
17,614,18,2013-09-20T22:36:44.765+07:00,152,41873.93,delivered,cash on delivery
18,919,178,2017-05-24T23:09:30.927+07:00,90,16388.73,delivered,credit card
19,513,217,2020-10-28T18:00:57.706+07:00,105,28027.18,shipped,cash on delivery
20,47,630,2023-01-11T19:19:10.590+07:00,257,46907.71,delivered,cash on delivery
21,815,66,2013-06-09T02:32:13.899+07:00,189,13013.21,delivered,cash on delivery
22,97,470,2023-08-20T02:19:33.657+07:00,276,47315.58,delivered,credit card
23,615,91,2012-10-30T04:22:56.718+07:00,242,16218.89,processing,credit card
24,792,684,2023-03-11T04:19:55.610+07:00,121,16592.03,pending,PayPal
25,717,927,2023-05-30T23:43:46.973+07:00,57,22458.4,shipped,PayPal
26,58,493,2017-05-20T06:03:10.928+07:00,388,28436.2,shipped,PayPal
27,247,248,2019-01-05T20:57:50.040+07:00,169,16230.62,processing,credit card
28,337,159,2020-12-10T15:26:37.208+07:00,239,12605.37,pending,PayPal
29,485,151,2016-03-13T12:31:54.175+07:00,300,49657.27,processing,cash on delivery
30,340,464,2020-05-15T20:27:17.761+07:00,127,31680.47,processing,PayPal
31,770,957,2017-03-28T12:08:41.359+07:00,3,39810.8,shipped,credit card
32,691,796,2012-07-14T22:24:05.438+07:00,191,16051.85,shipped,PayPal
33,490,933,2021-04-24T22:52:32.682+07:00,91,27158.64,processing,cash on delivery
34,15,247,2020-07-17T09:58:20.212+07:00,210,14686.83,processing,PayPal
35,447,89,2012-04-15T14:05:18.294+07:00,330,34863.05,shipped,PayPal
36,314,729,2022-10-01T19:46:17.298+07:00,128,34477.97,delivered,PayPal
37,796,635,2018-10-30T14:15:56.249+07:00,36,37694.43,shipped,credit card
38,429,913,2018-05-29T23:35:44.351+07:00,213,28502.34,pending,cash on delivery
39,847,104,2019-06-05T15:55:49.300+07:00,369,36476.5,pending,PayPal
40,861,698,2016-07-24T09:44:46.318+07:00,332,29709.98,pending,cash on delivery
41,685,168,2017-06-11T13:39:05.227+07:00,342,35291.2,pending,cash on delivery
42,990,906,2019-08-26T11:47:54.193+07:00,368,15806.07,delivered,PayPal
43,191,233,2021-04-23T00:40:36.099+07:00,395,18485.12,processing,PayPal
44,535,724,2010-06-07T11:07:39.261+07:00,36,44988.8,processing,PayPal
45,369,831,2015-07-03T01:36:47.366+07:00,73,33924.22,processing,cash on delivery
46,644,825,2018-09-19T07:02:29.092+07:00,170,49583.29,delivered,credit card
47,51,772,2018-06-04T14:27:57.299+07:00,269,25931.88,shipped,PayPal
48,975,626,2021-10-02T16:34:10.140+07:00,108,27717.4,processing,cash on delivery
49,78,769,2017-09-19T08:28:29.370+07:00,111,44491.83,processing,PayPal
50,951,514,2020-05-24T21:01:35.715+07:00,49,17154.2,pending,credit card
51,499,920,2015-04-17T06:56:40.805+07:00,83,18608.93,shipped,PayPal
52,936,230,2014-04-02T19:32:15.208+07:00,321,27216.43,pending,cash on delivery
53,729,329,2020-01-24T17:43:36.430+07:00,359,17524.94,delivered,cash on delivery
54,643,533,2013-03-01T21:32:14.989+07:00,273,32838.21,shipped,credit card
55,458,657,2014-12-01T16:24:44.807+07:00,300,13248.24,delivered,PayPal
56,295,903,2015-09-03T17:03:04.487+07:00,20,25760.96,delivered,credit card
57,890,199,2021-07-13T22:24:06.413+07:00,88,45657.69,shipped,PayPal
58,625,941,2016-12-12T05:20:35.195+07:00,245,49078.13,pending,cash on delivery
59,672,692,2020-05-28T12:15:57.760+07:00,290,48693.49,pending,PayPal
60,880,895,2015-07-10T17:42:53.899+07:00,125,10334.78,shipped,PayPal
61,298,775,2017-08-07T03:09:49.380+07:00,193,45932.67,pending,credit card
62,339,257,2010-06-24T19:34:32.337+07:00,273,32739.11,processing,cash on delivery
63,476,706,2016-04-19T07:41:59.997+07:00,159,14787.64,delivered,PayPal
64,195,929,2021-03-21T11:33:12.171+07:00,244,16938.89,delivered,PayPal
65,190,199,2022-05-17T14:01:15.739+07:00,109,35965.53,delivered,PayPal
66,216,867,2013-01-31T16:18:26.270+07:00,287,14178.11,delivered,PayPal
67,588,237,2020-01-13T01:11:55.300+07:00,236,27022.18,processing,PayPal
68,511,513,2013-09-18T18:12:18.553+07:00,96,11192.33,pending,cash on delivery
69,776,981,2011-02-26T14:51:23.195+07:00,305,24007.93,processing,PayPal
70,645,497,2018-07-29T04:07:24.543+07:00,375,24866.7,pending,credit card
71,830,715,2013-05-30T11:57:41.863+07:00,130,12092.8,processing,cash on delivery
72,375,544,2014-09-27T22:34:48.201+07:00,329,47139.75,delivered,PayPal
73,998,222,2018-05-20T14:09:22.517+07:00,37,25238.33,processing,credit card
74,334,614,2014-05-17T20:30:47.468+07:00,361,47849.52,delivered,cash on delivery
75,795,815,2012-01-01T17:34:44.155+07:00,291,26121.46,pending,cash on delivery
76,300,723,2020-08-12T21:14:10.141+07:00,330,21996.89,shipped,credit card
77,668,405,2022-01-22T07:52:41.587+07:00,342,44440.64,shipped,cash on delivery
78,728,296,2020-12-02T04:08:19.652+07:00,109,27101.12,delivered,credit card
79,564,320,2013-06-23T08:50:30.604+07:00,213,39651,delivered,cash on delivery
80,245,621,2015-12-01T23:52:44.518+07:00,130,27085.8,delivered,cash on delivery
81,710,539,2018-11-02T21:15:29.513+07:00,31,36475.79,pending,cash on delivery
82,208,76,2010-04-08T20:31:05.891+07:00,65,12747.89,pending,cash on delivery
83,358,815,2011-03-08T13:27:36.450+07:00,77,21270.49,delivered,credit card
84,511,780,2011-04-18T07:49:05.884+07:00,46,15997.31,processing,credit card
85,981,742,2011-07-13T09:47:46.658+07:00,84,37260.73,delivered,cash on delivery
86,398,192,2020-04-20T14:03:06.713+07:00,55,33273.79,delivered,cash on delivery
87,947,977,2019-05-06T09:26:07.216+07:00,386,31990.66,processing,PayPal
88,133,815,2014-07-17T10:15:11.486+07:00,23,33012.68,pending,PayPal
89,494,629,2015-01-13T04:41:02.251+07:00,371,36827.64,delivered,credit card
90,610,801,2011-07-28T15:54:14.754+07:00,255,42968.23,pending,cash on delivery
91,180,133,2013-01-02T15:40:16.951+07:00,38,19679.45,shipped,PayPal
92,829,642,2021-08-28T18:36:10.505+07:00,223,46069.48,shipped,cash on delivery
93,179,683,2015-01-25T01:17:05.246+07:00,264,19460.62,delivered,PayPal
94,921,64,2010-10-05T13:06:36.965+07:00,99,19820.69,shipped,cash on delivery
95,260,473,2021-07-07T10:04:45.144+07:00,290,43460.79,processing,cash on delivery
96,345,989,2010-01-16T00:50:06.606+07:00,58,18056.19,delivered,credit card
97,77,541,2014-01-26T20:55:28.593+07:00,34,20813.26,delivered,cash on delivery
98,451,585,2013-04-03T13:52:19.917+07:00,85,43351.92,shipped,cash on delivery
99,815,391,2022-11-04T15:19:24.367+07:00,381,17714.07,delivered,cash on delivery
100,145,326,2022-10-15T13:03:13.450+07:00,246,40579.41,shipped,cash on delivery
101,487,724,2011-07-11T18:48:00.529+07:00,270,33691.86,processing,credit card
102,180,628,2018-04-06T15:59:51.342+07:00,318,17180.97,pending,cash on delivery
103,983,118,2015-03-30T13:57:23.555+07:00,148,21571.69,processing,PayPal
104,179,681,2014-04-12T05:29:25.375+07:00,248,21846.67,pending,cash on delivery
105,273,219,2014-09-18T12:01:41.039+07:00,358,18975.26,processing,cash on delivery
106,427,249,2021-07-30T07:52:47.537+07:00,348,29973.8,processing,credit card
107,396,965,2019-10-29T22:24:30.013+07:00,362,14235.64,shipped,PayPal
108,204,282,2023-10-17T00:24:42.350+07:00,52,23178.71,delivered,credit card
109,647,694,2016-05-10T22:21:34.420+07:00,217,12035.53,shipped,credit card
110,507,879,2015-08-01T19:21:53.076+07:00,33,34234.63,pending,credit card
111,35,275,2019-03-25T09:16:38.252+07:00,149,45081.77,delivered,cash on delivery
112,486,422,2022-04-04T11:02:18.240+07:00,296,15476.65,delivered,cash on delivery
113,483,496,2015-11-21T15:19:22.748+07:00,181,48804.07,shipped,PayPal
114,789,276,2015-05-15T12:44:00.754+07:00,381,20955.43,pending,credit card
115,92,190,2018-04-21T19:12:09.187+07:00,390,48756.73,pending,cash on delivery
116,740,938,2022-10-22T16:23:30.714+07:00,49,48753.96,processing,cash on delivery
117,252,659,2014-07-17T12:45:18.084+07:00,192,17919.61,processing,cash on delivery
118,561,567,2013-05-15T01:47:41.157+07:00,192,47882.07,pending,credit card
119,35,101,2013-09-29T22:30:33.291+07:00,356,44213.05,pending,credit card
120,537,866,2017-06-09T04:40:53.149+07:00,46,13089.38,processing,cash on delivery
121,525,854,2020-02-26T12:16:28.043+07:00,56,24048.09,processing,credit card
122,2,518,2018-02-08T08:29:00.905+07:00,275,18117.71,pending,credit card
123,522,98,2020-06-18T22:13:27.002+07:00,110,34632.7,pending,PayPal
124,300,129,2015-11-29T21:16:38.973+07:00,104,11090.04,pending,credit card
125,397,825,2010-05-25T11:17:27.668+07:00,283,23647.5,pending,PayPal
126,118,752,2019-09-18T19:24:13.329+07:00,119,24154.21,shipped,PayPal
127,94,636,2011-11-19T10:47:55.532+07:00,288,34773.54,processing,cash on delivery
128,87,948,2023-01-03T23:12:08.887+07:00,90,28382.99,delivered,credit card
129,209,893,2016-05-22T14:14:03.446+07:00,346,35154.32,processing,cash on delivery
130,348,557,2023-05-11T18:52:31.284+07:00,76,20680.33,shipped,credit card
131,847,437,2020-04-13T02:34:29.004+07:00,52,39664.13,shipped,cash on delivery
132,126,530,2013-05-19T11:16:39.424+07:00,258,39221.71,pending,PayPal
133,516,282,2013-02-07T11:25:12.304+07:00,394,11623.38,processing,credit card
134,301,982,2021-06-14T17:51:05.923+07:00,317,17399.07,pending,credit card
135,930,401,2020-04-17T04:02:54.430+07:00,14,10612.19,delivered,PayPal
136,895,608,2012-02-11T05:22:50.020+07:00,279,18553.88,shipped,PayPal
137,38,941,2014-06-02T23:22:33.116+07:00,162,15399.12,pending,cash on delivery
138,981,212,2016-06-17T17:37:31.848+07:00,11,27228.57,shipped,cash on delivery
139,54,469,2022-10-02T10:27:11.374+07:00,323,48260.12,processing,PayPal
140,265,936,2010-12-08T11:21:58.607+07:00,375,15521.03,delivered,PayPal
141,409,975,2016-04-19T02:02:26.497+07:00,223,39241,processing,cash on delivery
142,348,5,2010-05-14T22:28:30.859+07:00,69,18220.96,delivered,cash on delivery
143,426,674,2017-12-26T20:37:14.477+07:00,336,24761.25,pending,PayPal
144,871,449,2015-07-05T22:17:06.491+07:00,144,40297.12,processing,cash on delivery
145,20,459,2023-02-22T02:03:53.297+07:00,343,41427.2,pending,cash on delivery
146,820,166,2016-07-13T07:05:51.335+07:00,136,35772.93,delivered,cash on delivery
147,693,425,2014-09-09T14:11:53.170+07:00,332,12100.31,pending,credit card
148,662,334,2016-02-13T19:31:36.043+07:00,146,37860.59,pending,credit card
149,954,721,2010-11-29T06:00:39.387+07:00,251,36798.87,delivered,cash on delivery
150,510,558,2010-10-11T17:00:13.969+07:00,398,34365.74,processing,credit card
151,455,924,2017-08-25T22:55:23.540+07:00,289,40772.65,shipped,credit card
152,48,41,2015-04-02T11:12:05.392+07:00,111,43604.38,shipped,credit card
153,109,276,2011-08-06T20:53:49.577+07:00,230,38760.24,delivered,cash on delivery
154,902,97,2013-04-20T16:10:13.747+07:00,241,18820.6,shipped,cash on delivery
155,939,480,2016-08-01T22:04:53.450+07:00,287,38511.29,delivered,cash on delivery
156,389,608,2012-01-24T07:09:14.577+07:00,48,27343.53,processing,PayPal
157,399,217,2017-02-28T16:57:38.266+07:00,52,30783.27,processing,PayPal
158,456,202,2018-01-04T08:22:41.288+07:00,86,25912.08,shipped,credit card
159,327,301,2020-01-19T06:56:40.972+07:00,252,30953.37,shipped,PayPal
160,56,58,2019-03-16T13:14:35.388+07:00,141,20942.36,shipped,cash on delivery
161,433,636,2017-05-06T11:15:55.587+07:00,326,32114.87,pending,PayPal
162,342,147,2010-08-09T17:59:15.649+07:00,83,46646.27,processing,PayPal
163,747,66,2010-02-21T05:34:16.518+07:00,174,21617.18,processing,cash on delivery
164,362,681,2021-07-08T14:31:01.720+07:00,80,19409.68,pending,PayPal
165,299,691,2017-11-05T22:18:52.318+07:00,147,31016.95,processing,credit card
166,751,46,2021-04-01T04:53:10.465+07:00,18,22246.18,processing,credit card
167,448,684,2011-04-21T05:49:42.258+07:00,148,19916.71,delivered,credit card
168,794,482,2020-05-30T03:27:42.658+07:00,85,45954.13,shipped,credit card
169,661,796,2012-10-14T01:14:40.992+07:00,190,28536.87,shipped,cash on delivery
170,870,601,2023-09-10T14:52:22.570+07:00,122,24654.69,pending,PayPal
171,239,716,2013-11-03T19:14:17.546+07:00,374,12652.82,delivered,PayPal
172,822,703,2022-07-15T08:34:56.915+07:00,396,49831.14,shipped,PayPal
173,158,27,2015-07-23T10:33:13.262+07:00,210,42626.14,processing,credit card
174,358,132,2012-06-17T13:28:31.057+07:00,140,31304.6,processing,cash on delivery
175,385,546,2015-11-09T03:59:42.714+07:00,111,15539.64,pending,PayPal
176,526,397,2019-12-22T04:11:53.699+07:00,105,39793.41,delivered,cash on delivery
177,257,540,2021-02-03T05:35:14.796+07:00,102,22759.48,delivered,credit card
178,466,988,2023-09-15T10:06:06.434+07:00,75,43201.84,pending,PayPal
179,228,974,2010-10-18T17:40:10.427+07:00,162,46047.11,processing,credit card
180,523,775,2018-07-20T23:07:55.855+07:00,6,30145.9,pending,PayPal
181,832,875,2017-10-20T10:29:00.024+07:00,181,49193.09,processing,credit card
182,353,911,2021-08-30T20:43:31.519+07:00,34,37041.51,pending,cash on delivery
183,876,273,2021-07-23T11:24:08.311+07:00,70,23839.45,pending,cash on delivery
184,941,327,2010-03-15T20:45:03.675+07:00,62,46628.81,shipped,credit card
185,198,883,2013-05-14T11:00:39.374+07:00,298,20087.44,delivered,cash on delivery
186,818,622,2014-01-19T12:11:47.071+07:00,257,47230.43,delivered,PayPal
187,465,654,2017-08-30T18:59:16.921+07:00,55,15796.54,delivered,credit card
188,909,567,2016-04-06T18:43:39.203+07:00,162,21594.13,processing,credit card
189,875,502,2011-12-09T19:41:28.031+07:00,182,40492.02,pending,cash on delivery
190,472,261,2014-11-27T16:28:40.122+07:00,31,42907.87,processing,cash on delivery
191,156,963,2019-09-22T05:22:27.832+07:00,238,22300.18,pending,credit card
192,432,451,2010-11-14T19:41:20.214+07:00,122,24764.41,delivered,cash on delivery
193,176,194,2019-10-30T20:21:27.673+07:00,357,22568.95,delivered,PayPal
194,905,584,2013-07-27T16:51:56.000+07:00,178,34473.83,delivered,credit card
195,432,380,2014-12-19T05:02:13.162+07:00,253,17015.67,shipped,PayPal
196,868,19,2017-07-23T17:42:07.557+07:00,389,44821.12,pending,cash on delivery
197,814,21,2011-12-08T19:50:11.072+07:00,98,49695.4,processing,credit card
198,11,376,2018-02-18T06:08:05.230+07:00,349,29573.95,delivered,cash on delivery
199,277,230,2012-03-26T08:18:13.789+07:00,247,41763.2,pending,PayPal
200,201,510,2014-10-12T18:31:46.460+07:00,199,39678.66,processing,credit card
201,806,9,2022-06-25T23:09:47.801+07:00,143,10523.68,shipped,credit card
202,723,559,2021-02-09T15:08:04.195+07:00,65,38699.42,delivered,cash on delivery
203,437,592,2021-05-09T17:34:43.485+07:00,216,49573.16,shipped,cash on delivery
204,736,982,2022-09-09T04:49:28.135+07:00,245,35744.07,pending,PayPal
205,481,832,2018-05-30T06:41:25.337+07:00,347,21566.65,pending,cash on delivery
206,875,758,2023-10-11T22:47:37.426+07:00,117,27716.53,pending,credit card
207,23,23,2012-09-09T00:55:47.935+07:00,238,26178.32,delivered,cash on delivery
208,784,279,2016-03-11T09:29:46.345+07:00,201,21168.69,shipped,cash on delivery
209,709,640,2018-03-26T11:46:02.673+07:00,263,47141.23,processing,cash on delivery
210,691,474,2021-10-26T22:13:36.294+07:00,146,41527.39,shipped,credit card
211,776,476,2010-07-04T03:36:50.424+07:00,270,17080.36,pending,credit card
212,261,913,2022-09-23T04:23:55.127+07:00,281,33317.17,delivered,cash on delivery
213,658,252,2020-06-28T07:51:07.599+07:00,180,38016.76,shipped,cash on delivery
214,168,569,2015-03-25T10:05:40.431+07:00,166,38812.97,processing,PayPal
215,926,617,2015-12-14T15:20:37.282+07:00,89,39065.24,delivered,PayPal
216,35,919,2012-08-11T03:29:42.273+07:00,396,14622.51,delivered,cash on delivery
217,943,696,2017-06-11T15:50:14.089+07:00,385,24543.28,processing,cash on delivery
218,112,715,2022-04-30T23:09:50.506+07:00,195,41844.79,shipped,cash on delivery
219,725,539,2019-04-03T02:26:51.529+07:00,37,36451.26,delivered,PayPal
220,630,418,2010-02-11T06:44:24.140+07:00,237,31313.13,processing,PayPal
221,713,573,2021-08-24T02:51:21.075+07:00,118,31712.09,shipped,credit card
222,628,613,2019-02-18T16:32:50.512+07:00,304,44903.22,shipped,cash on delivery
223,165,549,2020-07-22T16:45:53.786+07:00,252,13295.27,processing,PayPal
224,481,706,2019-01-10T00:29:27.985+07:00,317,25468.88,shipped,credit card
225,167,825,2020-08-27T14:34:25.543+07:00,263,34729.17,processing,PayPal
226,348,12,2019-06-22T20:15:16.074+07:00,346,11864.17,processing,credit card
227,584,704,2020-01-14T07:47:04.682+07:00,268,11766.43,delivered,cash on delivery
228,580,384,2018-02-06T07:44:24.071+07:00,212,12323.66,pending,credit card
229,80,532,2021-08-03T07:54:28.236+07:00,135,16345.8,shipped,PayPal
230,941,497,2011-09-05T17:31:19.051+07:00,66,29960.26,pending,credit card
231,489,593,2011-01-04T08:29:30.132+07:00,139,11239.74,processing,credit card
232,624,771,2014-01-24T12:02:17.595+07:00,77,10272.08,processing,credit card
233,769,859,2023-12-27T03:11:51.040+07:00,196,43007.16,processing,PayPal
234,857,624,2023-11-01T00:11:09.502+07:00,81,19221.1,processing,credit card
235,93,65,2019-12-23T00:54:47.033+07:00,269,28899.27,processing,PayPal
236,809,873,2012-01-21T22:26:39.234+07:00,195,45742.74,delivered,cash on delivery
237,203,286,2023-12-08T04:28:47.351+07:00,366,39545.07,shipped,cash on delivery
238,478,753,2018-04-21T08:46:52.420+07:00,22,30468.56,delivered,cash on delivery
239,553,31,2019-01-15T12:21:48.386+07:00,159,38298.55,pending,PayPal
240,790,736,2012-02-16T11:38:06.665+07:00,108,32370.5,pending,cash on delivery
241,561,712,2010-09-05T14:54:31.853+07:00,142,25411.47,pending,credit card
242,159,392,2015-12-13T22:01:24.928+07:00,133,28711.47,processing,credit card
243,875,640,2015-09-29T14:24:06.359+07:00,207,38621.88,pending,credit card
244,394,217,2011-07-26T22:26:05.788+07:00,45,14614.13,delivered,PayPal
245,729,75,2021-12-14T01:47:14.711+07:00,95,27236.47,delivered,PayPal
246,870,481,2022-07-17T08:17:29.101+07:00,111,43982.69,shipped,PayPal
247,692,179,2019-01-18T07:31:32.152+07:00,187,38530.94,processing,cash on delivery
248,955,984,2019-09-08T01:47:11.765+07:00,83,38262.6,processing,credit card
249,849,857,2010-05-02T12:43:40.848+07:00,3,31379.01,delivered,cash on delivery
250,310,410,2013-01-15T23:51:40.553+07:00,77,19809.8,shipped,PayPal
251,607,473,2011-09-04T12:32:45.521+07:00,51,18605.84,pending,credit card
252,768,342,2023-11-09T07:32:06.808+07:00,90,32588.28,pending,PayPal
253,852,470,2010-01-10T21:55:44.475+07:00,44,25618.28,shipped,PayPal
254,799,545,2016-10-26T00:47:15.699+07:00,96,37681.92,delivered,PayPal
255,910,48,2018-07-11T19:20:06.668+07:00,247,47859.33,delivered,PayPal
256,99,280,2013-07-08T01:14:40.593+07:00,320,46192,delivered,PayPal
257,902,244,2014-10-26T21:58:06.143+07:00,197,38126.89,processing,cash on delivery
258,780,505,2011-05-12T00:21:00.141+07:00,371,10318.6,processing,credit card
259,740,847,2020-12-25T13:35:22.244+07:00,179,18867.59,delivered,PayPal
260,450,283,2011-11-06T12:46:13.956+07:00,86,19135.68,processing,cash on delivery
261,957,129,2023-04-11T00:42:15.226+07:00,112,30242.03,pending,credit card
262,442,945,2018-02-06T21:46:58.563+07:00,91,41735.54,pending,cash on delivery
263,172,733,2020-05-11T10:10:06.150+07:00,9,42086.8,processing,cash on delivery
264,971,357,2023-05-08T22:47:33.013+07:00,82,49746.14,processing,cash on delivery
265,612,354,2018-02-15T22:32:39.954+07:00,166,33156,shipped,cash on delivery
266,633,39,2017-10-19T01:41:35.609+07:00,5,25202.91,processing,credit card
267,876,822,2019-07-01T22:02:52.827+07:00,62,22943.03,pending,PayPal
268,193,793,2014-03-12T13:26:34.934+07:00,303,22089.22,shipped,PayPal
269,871,871,2013-03-01T08:12:36.014+07:00,272,30540.63,shipped,cash on delivery
270,304,409,2019-11-24T20:35:38.770+07:00,386,44217.33,shipped,cash on delivery
271,671,276,2013-07-22T12:51:02.710+07:00,353,36082.93,delivered,credit card
272,483,500,2017-12-27T14:20:23.254+07:00,32,25221.1,processing,cash on delivery
273,265,577,2010-08-21T13:18:50.056+07:00,21,26528.04,processing,cash on delivery
274,41,302,2011-07-06T00:24:18.126+07:00,359,28819.15,delivered,credit card
275,837,180,2020-05-27T08:18:06.789+07:00,168,16882.5,delivered,PayPal
276,686,963,2010-05-19T15:04:02.028+07:00,72,28870.09,shipped,cash on delivery
277,919,978,2011-04-11T07:15:31.298+07:00,98,24009.65,pending,cash on delivery
278,784,993,2015-01-31T06:20:55.453+07:00,81,15052,delivered,PayPal
279,597,974,2022-09-14T19:18:24.653+07:00,89,12539.98,processing,cash on delivery
280,608,558,2020-07-20T10:09:27.936+07:00,128,45313.38,pending,PayPal
281,195,241,2013-05-15T20:34:10.031+07:00,312,42427.09,processing,cash on delivery
282,188,840,2017-12-06T22:43:05.177+07:00,91,48725.45,delivered,PayPal
283,898,98,2022-10-19T07:28:14.163+07:00,105,46901.15,delivered,PayPal
284,496,725,2012-04-26T09:43:39.508+07:00,28,26135.16,processing,PayPal
285,392,629,2023-03-26T18:01:40.218+07:00,191,27253.39,processing,PayPal
286,972,173,2023-07-10T22:13:33.838+07:00,66,38520.64,shipped,cash on delivery
287,233,395,2014-05-30T19:02:52.650+07:00,282,36630.73,processing,credit card
288,973,801,2010-03-27T06:14:35.397+07:00,250,16405.93,pending,credit card
289,181,871,2014-02-19T21:13:48.463+07:00,258,42992.46,delivered,cash on delivery
290,496,237,2015-01-09T20:25:08.497+07:00,340,43530.61,pending,cash on delivery
291,354,314,2022-06-07T06:31:32.506+07:00,339,11419.04,delivered,credit card
292,100,33,2021-11-12T00:35:57.509+07:00,35,10323.17,pending,cash on delivery
293,211,142,2014-03-31T12:47:47.928+07:00,155,29324.99,pending,PayPal
294,784,530,2024-01-03T22:44:52.134+07:00,83,46353.21,shipped,cash on delivery
295,66,642,2017-10-02T13:10:39.581+07:00,334,27786.59,pending,cash on delivery
296,357,661,2014-10-26T09:28:32.834+07:00,315,47262.98,delivered,cash on delivery
297,866,159,2023-06-24T13:43:40.739+07:00,207,44609.52,delivered,credit card
298,617,969,2023-06-18T06:48:33.600+07:00,327,44927.03,processing,cash on delivery
299,752,899,2017-03-21T20:06:36.830+07:00,241,29715.24,shipped,cash on delivery
300,719,815,2010-12-06T20:47:10.211+07:00,27,40186.08,delivered,PayPal
301,493,790,2023-08-28T02:58:30.546+07:00,299,23425.04,shipped,credit card
302,36,896,2017-04-18T07:18:20.822+07:00,307,38134.38,shipped,credit card
303,386,38,2023-06-04T16:54:32.022+07:00,373,35794.81,delivered,cash on delivery
304,542,18,2013-02-24T16:32:09.751+07:00,101,21698.1,processing,cash on delivery
305,657,340,2020-05-09T04:39:44.924+07:00,112,40848.61,delivered,PayPal
306,163,480,2019-05-06T17:14:05.276+07:00,49,22598.15,delivered,cash on delivery
307,308,620,2020-10-10T18:15:27.147+07:00,76,48009.29,shipped,PayPal
308,926,918,2013-03-27T02:27:39.101+07:00,219,11199.67,delivered,credit card
309,695,512,2011-08-11T06:59:46.419+07:00,126,24774.84,pending,PayPal
310,962,352,2020-03-25T13:15:42.359+07:00,259,43945.61,processing,cash on delivery
311,950,967,2015-03-21T05:16:24.260+07:00,264,18863.3,processing,credit card
312,844,61,2011-09-01T17:49:47.218+07:00,232,48066.15,pending,cash on delivery
313,506,24,2010-06-29T11:45:48.818+07:00,199,12039.37,pending,credit card
314,148,589,2016-10-09T20:22:48.243+07:00,56,39301.85,pending,credit card
315,657,529,2022-12-20T09:45:44.131+07:00,125,21135.03,delivered,cash on delivery
316,953,88,2018-01-25T02:45:26.549+07:00,240,42587.07,delivered,cash on delivery
317,228,704,2019-05-05T21:32:22.247+07:00,248,24614.36,delivered,PayPal
318,575,453,2015-11-06T21:39:15.097+07:00,206,48357.35,delivered,PayPal
319,363,238,2015-06-07T01:40:44.803+07:00,153,23886.59,pending,cash on delivery
320,301,632,2018-08-31T17:23:21.126+07:00,168,32136.17,delivered,cash on delivery
321,542,790,2013-11-06T09:29:10.107+07:00,273,46472.14,pending,cash on delivery
322,481,387,2015-07-30T07:42:23.274+07:00,271,12381.69,delivered,cash on delivery
323,74,414,2012-04-25T22:38:37.014+07:00,158,17156.23,pending,PayPal
324,831,462,2014-11-24T05:38:39.970+07:00,268,21055.83,shipped,PayPal
325,895,646,2021-04-29T19:11:15.794+07:00,194,37052.63,delivered,cash on delivery
326,354,277,2011-03-28T18:03:50.162+07:00,217,35328.33,processing,PayPal
327,961,171,2020-12-25T20:20:03.337+07:00,218,34871.08,processing,cash on delivery
328,508,125,2017-01-14T01:39:46.833+07:00,24,47209.65,shipped,cash on delivery
329,283,306,2017-08-27T03:30:35.805+07:00,176,40095.9,processing,credit card
330,88,236,2013-03-04T18:15:52.538+07:00,167,45438.12,shipped,credit card
331,676,125,2013-12-16T00:47:02.525+07:00,158,45390.07,shipped,credit card
332,664,449,2015-10-11T11:59:06.503+07:00,151,16057.69,processing,cash on delivery
333,405,581,2015-04-05T16:31:14.702+07:00,207,46811.57,pending,PayPal
334,673,114,2017-06-26T19:51:48.437+07:00,284,21921.09,processing,PayPal
335,811,538,2020-10-24T20:41:37.033+07:00,164,26764.93,pending,cash on delivery
336,680,104,2017-10-14T13:12:57.032+07:00,261,46978.72,pending,PayPal
337,754,590,2014-07-27T22:39:53.527+07:00,33,28802.05,delivered,PayPal
338,309,127,2021-01-11T05:35:15.556+07:00,309,43302.66,processing,credit card
339,9,336,2022-09-20T01:51:39.094+07:00,255,44986.52,processing,PayPal
340,580,793,2015-04-04T12:32:32.715+07:00,228,22672.19,processing,cash on delivery
341,355,863,2011-10-18T07:24:00.191+07:00,364,22829.79,pending,cash on delivery
342,289,346,2013-08-05T03:12:41.545+07:00,206,36095.65,delivered,credit card
343,680,539,2012-07-04T15:56:22.201+07:00,312,12356.81,shipped,credit card
344,873,536,2020-08-18T14:33:31.208+07:00,245,32489.69,shipped,cash on delivery
345,636,915,2012-08-16T21:06:07.060+07:00,305,14418.17,shipped,PayPal
346,775,910,2010-04-13T16:29:47.795+07:00,295,49565.45,pending,credit card
347,792,966,2020-01-02T20:27:12.161+07:00,206,39888.28,shipped,credit card
348,364,658,2021-10-11T22:43:20.355+07:00,276,20046.6,pending,credit card
349,118,788,2020-02-19T03:58:39.003+07:00,108,46285.37,delivered,credit card
350,153,410,2014-05-31T06:47:17.677+07:00,235,38799.44,shipped,PayPal
351,656,254,2011-06-26T21:32:32.574+07:00,184,42027.24,delivered,cash on delivery
352,936,909,2016-03-11T04:28:46.956+07:00,11,39016.59,processing,credit card
353,721,413,2014-01-24T21:19:10.526+07:00,387,16943.52,pending,PayPal
354,809,393,2017-11-21T16:45:05.489+07:00,317,20210.26,pending,PayPal
355,417,920,2019-11-10T11:57:35.553+07:00,396,42947.05,shipped,credit card
356,842,342,2018-08-30T01:34:42.313+07:00,59,38422.1,shipped,credit card
357,811,597,2016-02-10T23:27:57.402+07:00,190,10097.89,shipped,cash on delivery
358,794,516,2013-07-14T23:25:06.868+07:00,174,11024.55,pending,PayPal
359,932,393,2019-01-20T15:40:52.580+07:00,219,16871.3,delivered,cash on delivery
360,90,719,2014-07-05T06:05:28.500+07:00,394,44041.79,processing,PayPal
361,183,789,2014-10-04T22:59:20.548+07:00,382,13979.02,pending,credit card
362,771,475,2020-03-01T23:31:06.610+07:00,4,16270.96,shipped,cash on delivery
363,788,672,2015-05-18T22:54:25.576+07:00,303,17987.84,shipped,credit card
364,938,496,2018-08-25T06:19:42.983+07:00,225,48562.42,processing,credit card
365,428,882,2012-07-20T06:31:55.654+07:00,121,28448.33,pending,credit card
366,933,403,2013-10-09T02:13:38.202+07:00,143,39676.68,pending,PayPal
367,731,303,2014-07-12T21:00:37.486+07:00,21,32097.62,processing,PayPal
368,713,618,2024-01-23T16:43:33.668+07:00,347,37904.4,delivered,credit card
369,629,834,2014-08-14T09:13:03.966+07:00,373,44427.92,processing,PayPal
370,130,87,2015-05-01T17:45:12.803+07:00,327,24068,pending,credit card
371,774,773,2012-10-07T15:33:47.447+07:00,213,38862.39,shipped,cash on delivery
372,785,332,2017-04-02T23:53:50.151+07:00,373,43280.92,delivered,cash on delivery
373,304,85,2010-02-05T18:51:37.736+07:00,54,46331.47,pending,credit card
374,380,572,2014-01-14T20:57:27.651+07:00,196,41384.05,shipped,PayPal
375,434,482,2016-01-22T14:34:20.458+07:00,374,36747.28,pending,PayPal
376,364,565,2011-11-21T05:57:54.123+07:00,148,44727.87,shipped,credit card
377,722,742,2021-09-01T20:52:16.971+07:00,270,22567.05,processing,credit card
378,601,850,2013-08-16T13:49:33.948+07:00,358,11923.82,delivered,PayPal
379,432,857,2020-01-09T13:16:21.236+07:00,118,13726.38,pending,credit card
380,931,625,2017-06-05T06:29:56.662+07:00,390,35591.8,shipped,cash on delivery
381,354,581,2023-07-01T08:23:00.693+07:00,322,36472.8,processing,PayPal
382,508,864,2018-08-21T21:16:36.532+07:00,109,40025.37,pending,PayPal
383,629,413,2022-10-08T06:49:31.386+07:00,119,13736.31,shipped,PayPal
384,667,513,2017-06-28T21:30:58.534+07:00,218,14402.07,delivered,credit card
385,11,673,2023-02-11T00:31:35.161+07:00,394,41678.27,pending,credit card
386,422,501,2013-09-11T10:37:37.752+07:00,280,31908.43,delivered,credit card
387,844,800,2022-10-25T14:30:00.030+07:00,292,11080.79,shipped,credit card
388,143,26,2014-10-15T20:34:11.855+07:00,51,21968.75,processing,cash on delivery
389,124,249,2016-01-04T02:31:42.346+07:00,395,29013.61,delivered,PayPal
390,668,117,2010-10-22T20:36:37.372+07:00,242,18501.23,pending,PayPal
391,363,602,2020-07-21T21:57:22.168+07:00,197,21827.47,delivered,PayPal
392,349,390,2020-12-17T20:08:14.370+07:00,122,35981.91,processing,PayPal
393,235,579,2013-01-10T04:03:51.183+07:00,398,29639.48,pending,cash on delivery
394,167,634,2018-12-12T21:38:49.391+07:00,361,19556.43,delivered,credit card
395,535,64,2023-03-27T08:38:47.090+07:00,18,18962.45,pending,credit card
396,306,426,2023-01-12T23:37:50.487+07:00,120,17653.43,delivered,cash on delivery
397,212,200,2018-10-17T10:20:57.333+07:00,105,30990.1,processing,cash on delivery
398,315,781,2022-09-27T19:15:36.114+07:00,62,10151.26,delivered,cash on delivery
399,735,754,2010-10-01T04:21:44.558+07:00,124,17722.15,shipped,cash on delivery
400,266,752,2019-11-16T05:02:33.665+07:00,99,48166.4,shipped,PayPal
401,967,627,2016-02-26T01:51:24.819+07:00,266,34040.32,shipped,credit card
402,477,437,2013-02-15T20:01:36.748+07:00,318,46886.96,processing,credit card
403,661,400,2021-10-28T08:45:26.964+07:00,2,29304.51,delivered,cash on delivery
404,709,72,2010-02-21T09:39:03.325+07:00,394,15658.24,shipped,credit card
405,354,61,2020-10-08T02:03:58.336+07:00,283,31488.67,shipped,cash on delivery
406,894,317,2023-10-10T05:49:25.628+07:00,178,25915.65,processing,cash on delivery
407,32,2,2013-08-13T13:55:22.040+07:00,389,27231.92,processing,PayPal
408,406,298,2013-06-16T05:28:32.407+07:00,271,42311.98,shipped,cash on delivery
409,65,486,2022-08-22T12:54:42.061+07:00,88,37393.64,delivered,credit card
410,594,970,2017-10-12T18:37:59.739+07:00,44,11534.95,pending,cash on delivery
411,658,491,2020-05-02T12:52:21.210+07:00,72,34409.17,processing,PayPal
412,532,583,2018-05-03T23:34:33.976+07:00,67,37925.15,processing,cash on delivery
413,675,499,2023-03-19T00:15:13.629+07:00,84,43775.31,shipped,PayPal
414,429,178,2021-12-31T14:24:25.462+07:00,314,44654.15,pending,cash on delivery
415,891,51,2017-08-15T18:03:23.239+07:00,230,19821.3,pending,credit card
416,397,701,2022-02-18T06:13:21.785+07:00,58,41351.57,pending,cash on delivery
417,592,219,2013-01-27T18:21:57.140+07:00,202,37635.02,processing,credit card
418,98,653,2014-05-19T14:28:29.067+07:00,356,43878.42,pending,PayPal
419,112,480,2023-02-11T05:47:27.128+07:00,71,20871.28,delivered,credit card
420,467,839,2011-02-12T18:05:18.208+07:00,396,17522.19,shipped,PayPal
421,326,516,2014-10-07T17:28:24.637+07:00,284,28724.14,delivered,cash on delivery
422,514,654,2018-05-01T23:01:38.519+07:00,286,42585.81,processing,credit card
423,700,750,2024-01-09T03:40:33.842+07:00,210,46907.31,shipped,cash on delivery
424,23,95,2021-01-28T07:42:24.619+07:00,190,16691.46,pending,credit card
425,462,940,2018-08-07T11:02:14.283+07:00,202,22699.58,shipped,PayPal
426,804,106,2012-06-01T23:01:22.270+07:00,273,37624.69,pending,cash on delivery
427,531,867,2020-04-07T07:34:40.036+07:00,232,16688.43,delivered,credit card
428,663,323,2014-02-09T15:31:47.530+07:00,168,33378.32,processing,credit card
429,211,308,2014-10-14T17:54:05.082+07:00,235,21996.72,processing,cash on delivery
430,406,904,2023-11-25T11:13:27.077+07:00,244,13928.99,pending,PayPal
431,59,624,2023-04-22T23:16:10.350+07:00,164,48784.67,delivered,cash on delivery
432,843,206,2019-03-16T04:37:57.158+07:00,375,46857.63,delivered,credit card
433,359,110,2014-11-26T08:33:56.766+07:00,63,18457.17,delivered,PayPal
434,953,923,2016-08-12T03:28:06.922+07:00,53,34171.78,delivered,cash on delivery
435,301,123,2010-09-30T21:55:20.313+07:00,78,17412.17,delivered,cash on delivery
436,946,537,2011-07-05T10:33:12.153+07:00,252,35084.38,shipped,credit card
437,647,187,2018-07-12T11:17:16.393+07:00,22,37600.78,delivered,cash on delivery
438,101,968,2011-04-23T16:05:39.946+07:00,215,32004.44,delivered,cash on delivery
439,641,483,2021-09-12T19:59:42.581+07:00,375,10780.61,pending,credit card
440,514,367,2012-08-26T21:44:12.137+07:00,140,42788.17,shipped,credit card
441,890,483,2020-02-24T02:33:51.687+07:00,332,39406.37,shipped,cash on delivery
442,70,137,2019-06-10T09:16:28.463+07:00,348,48285.23,shipped,credit card
443,263,417,2015-01-20T23:22:05.616+07:00,86,28047.65,delivered,PayPal
444,662,576,2021-09-24T19:04:55.691+07:00,204,30048.24,pending,cash on delivery
445,841,215,2016-08-17T10:37:02.152+07:00,120,28015.1,shipped,cash on delivery
446,932,110,2020-09-03T11:43:43.380+07:00,369,16163.57,pending,cash on delivery
447,652,198,2024-01-23T04:49:09.373+07:00,343,49903.2,shipped,credit card
448,498,946,2013-01-06T19:12:13.613+07:00,242,18238.6,processing,PayPal
449,954,980,2020-09-21T23:00:44.074+07:00,109,14850.06,shipped,cash on delivery
450,514,119,2017-08-08T07:17:51.340+07:00,316,32005.06,shipped,cash on delivery
451,290,94,2017-04-27T13:37:14.494+07:00,71,34190.57,pending,credit card
452,998,25,2012-02-05T15:11:21.264+07:00,22,41372.71,pending,credit card
453,432,822,2014-12-04T00:56:11.515+07:00,72,27516.89,processing,credit card
454,95,200,2021-03-21T07:48:49.471+07:00,10,26346.36,delivered,credit card
455,103,499,2018-12-19T10:35:30.528+07:00,275,33040.8,shipped,PayPal
456,666,103,2010-08-28T16:47:10.529+07:00,165,13685.28,pending,PayPal
457,861,163,2012-02-20T14:41:04.684+07:00,380,20897.98,shipped,cash on delivery
458,26,573,2013-11-02T18:30:02.734+07:00,347,10967.27,delivered,PayPal
459,2,149,2014-08-06T19:57:02.355+07:00,321,22856.27,processing,PayPal
460,262,357,2012-06-22T07:21:25.266+07:00,246,15458.25,shipped,PayPal
461,364,920,2021-08-04T22:46:21.688+07:00,375,40864.74,pending,cash on delivery
462,34,582,2013-04-20T03:29:29.813+07:00,237,34772.36,delivered,credit card
463,829,77,2022-03-02T16:13:48.548+07:00,51,23562.4,processing,credit card
464,978,164,2023-09-26T05:44:34.496+07:00,318,48223.8,pending,credit card
465,822,701,2012-03-28T06:27:48.781+07:00,321,14562.19,pending,cash on delivery
466,722,946,2018-02-16T15:16:53.730+07:00,132,44464.15,shipped,credit card
467,215,961,2015-09-01T16:44:43.387+07:00,375,19796.67,shipped,cash on delivery
468,354,45,2013-04-25T10:35:13.523+07:00,258,39507.68,pending,PayPal
469,87,881,2011-08-07T02:29:48.445+07:00,218,32619.26,processing,credit card
470,114,59,2023-11-10T20:29:45.238+07:00,363,24556.59,shipped,credit card
471,507,168,2018-09-10T08:06:40.825+07:00,293,14287.78,shipped,cash on delivery
472,882,98,2018-08-04T22:19:47.782+07:00,367,18876.25,delivered,cash on delivery
473,54,642,2023-07-15T11:01:37.778+07:00,342,35341.76,pending,credit card
474,413,802,2015-10-09T16:46:11.698+07:00,239,17307.03,pending,credit card
475,487,360,2010-11-27T09:15:20.861+07:00,303,11667.43,shipped,credit card
476,560,846,2015-02-21T01:52:34.523+07:00,315,42342.54,shipped,cash on delivery
477,446,472,2016-07-17T16:30:49.880+07:00,82,26005.39,processing,credit card
478,168,428,2022-09-07T04:12:41.003+07:00,236,14743.47,delivered,credit card
479,198,439,2016-08-07T02:02:50.331+07:00,136,25064.63,processing,cash on delivery
480,954,224,2010-03-25T04:04:09.962+07:00,279,13801.83,shipped,credit card
481,706,58,2017-07-14T19:47:06.424+07:00,318,36416.77,delivered,cash on delivery
482,1000,557,2018-09-24T01:43:38.817+07:00,277,23491.64,pending,credit card
483,380,140,2019-03-16T03:11:19.835+07:00,284,41058.79,pending,cash on delivery
484,40,514,2016-03-11T16:10:37.427+07:00,267,41941.12,delivered,credit card
485,187,69,2018-10-03T14:30:54.374+07:00,222,39623.65,shipped,PayPal
486,495,217,2021-09-22T04:14:53.420+07:00,116,26611.03,pending,credit card
487,563,937,2021-01-02T13:43:47.955+07:00,245,24234.59,pending,PayPal
488,559,143,2021-10-27T03:03:10.371+07:00,33,34498.55,shipped,cash on delivery
489,415,888,2018-11-01T08:53:59.358+07:00,190,10603.49,pending,PayPal
490,288,754,2016-04-24T10:22:23.854+07:00,137,34163.74,shipped,credit card
491,688,521,2012-10-16T21:54:32.647+07:00,212,26433.22,delivered,cash on delivery
492,357,61,2014-12-22T01:41:18.394+07:00,255,45153.72,pending,credit card
493,954,329,2017-08-23T20:56:04.338+07:00,331,36150.76,shipped,PayPal
494,755,906,2021-11-14T20:54:13.313+07:00,63,45624.56,shipped,cash on delivery
495,40,901,2020-02-25T08:14:28.185+07:00,285,26860.76,delivered,credit card
496,786,444,2015-02-27T05:32:31.699+07:00,363,20914.1,pending,PayPal
497,324,141,2021-11-24T02:21:11.681+07:00,48,29512.13,processing,credit card
498,514,286,2020-05-19T11:37:21.183+07:00,41,40731.32,shipped,cash on delivery
499,309,552,2020-01-05T13:55:36.340+07:00,181,47546.06,pending,PayPal
500,29,345,2018-02-21T18:18:06.511+07:00,147,44573.79,shipped,credit card
501,352,187,2022-05-13T23:29:19.753+07:00,200,15328.33,delivered,cash on delivery
502,745,33,2016-10-03T20:09:49.599+07:00,79,19005.43,delivered,PayPal
503,351,144,2013-01-05T07:06:01.616+07:00,3,36384.27,delivered,credit card
504,146,44,2013-04-26T14:49:49.937+07:00,157,28458.86,delivered,credit card
505,912,161,2017-11-17T17:21:24.941+07:00,204,39281.17,processing,cash on delivery
506,554,879,2016-08-11T13:34:08.489+07:00,337,10845.13,pending,cash on delivery
507,843,541,2012-10-29T08:53:08.107+07:00,181,29419.74,shipped,PayPal
508,389,56,2013-07-25T10:12:08.678+07:00,298,37322.47,delivered,cash on delivery
509,59,109,2017-12-30T12:55:51.888+07:00,140,25445.6,processing,cash on delivery
510,392,132,2019-07-31T02:17:23.200+07:00,201,24917.75,processing,credit card
511,41,504,2020-05-21T19:57:14.689+07:00,148,40819.62,pending,credit card
512,238,539,2020-11-19T15:01:19.171+07:00,181,21088.98,delivered,cash on delivery
513,850,785,2014-06-21T01:52:40.010+07:00,278,21513.23,pending,PayPal
514,617,745,2013-08-07T18:56:22.508+07:00,144,37129.51,processing,cash on delivery
515,526,470,2010-08-11T17:50:09.915+07:00,308,13262.26,delivered,PayPal
516,72,764,2015-12-05T07:49:25.312+07:00,233,24765.44,pending,credit card
517,715,432,2021-01-23T09:41:32.681+07:00,7,26013.43,processing,credit card
518,889,275,2015-02-05T17:10:00.118+07:00,196,21540.92,shipped,cash on delivery
519,602,569,2018-05-17T20:09:29.222+07:00,82,12471.27,delivered,credit card
520,24,647,2017-05-18T06:20:06.600+07:00,103,18955.69,shipped,PayPal
521,326,482,2016-06-07T09:00:35.789+07:00,75,44425.04,pending,credit card
522,104,280,2023-11-24T05:10:19.810+07:00,288,10651.01,processing,cash on delivery
523,126,227,2022-01-31T03:04:48.735+07:00,317,26514.22,delivered,PayPal
524,287,416,2021-05-15T07:57:34.974+07:00,191,18649.67,pending,PayPal
525,815,654,2020-07-17T12:51:29.935+07:00,357,10634.52,delivered,PayPal
526,679,180,2023-09-15T14:03:41.786+07:00,248,34472.77,processing,credit card
527,707,243,2022-02-05T13:15:24.008+07:00,186,34107.8,shipped,PayPal
528,290,662,2021-09-29T04:48:45.691+07:00,28,47670.17,delivered,PayPal
529,553,379,2017-07-14T20:24:51.904+07:00,397,11634.71,pending,PayPal
530,302,638,2015-09-25T23:04:19.067+07:00,242,24965.97,processing,PayPal
531,88,825,2015-09-28T21:38:26.712+07:00,31,23212.11,pending,PayPal
532,913,229,2012-05-09T13:00:45.081+07:00,296,39557.69,processing,cash on delivery
533,70,126,2012-08-06T01:07:56.558+07:00,338,41326.7,delivered,cash on delivery
534,953,176,2016-06-26T20:19:48.545+07:00,170,24774.15,pending,PayPal
535,509,851,2022-02-09T22:11:42.124+07:00,126,27433.9,shipped,credit card
536,640,99,2020-09-14T20:47:54.768+07:00,294,37024.14,processing,PayPal
537,979,190,2012-04-05T11:37:58.285+07:00,2,11205.22,shipped,cash on delivery
538,300,994,2010-08-19T19:41:11.679+07:00,308,20222.08,delivered,credit card
539,102,406,2019-08-28T02:11:50.342+07:00,262,25140.81,shipped,PayPal
540,157,875,2012-11-10T09:49:51.175+07:00,82,17174.36,processing,cash on delivery
541,516,270,2015-03-09T22:14:33.345+07:00,230,26815.48,shipped,PayPal
542,555,191,2014-11-22T11:19:02.374+07:00,277,10519.85,delivered,PayPal
543,709,395,2018-03-24T07:29:21.535+07:00,44,15355.34,pending,PayPal
544,311,507,2021-11-13T03:27:30.127+07:00,193,40011.1,processing,cash on delivery
545,294,377,2017-03-17T20:11:31.462+07:00,48,34280.01,delivered,credit card
546,226,143,2023-08-06T17:17:58.380+07:00,40,31927.18,delivered,PayPal
547,344,496,2020-10-08T05:40:04.960+07:00,47,29349.18,delivered,credit card
548,420,712,2012-03-10T09:27:57.745+07:00,73,35056.24,shipped,cash on delivery
549,724,935,2011-06-29T05:16:17.025+07:00,134,25471.17,shipped,PayPal
550,335,521,2019-04-13T03:38:45.027+07:00,220,18625.66,delivered,credit card
551,939,805,2014-07-27T08:17:14.418+07:00,398,13524.37,shipped,PayPal
552,861,262,2020-04-02T07:28:06.694+07:00,300,29624.46,pending,credit card
553,135,756,2018-07-17T16:16:17.278+07:00,21,35867.69,processing,PayPal
554,76,334,2010-08-08T09:40:25.257+07:00,169,29341.63,processing,credit card
555,189,799,2017-12-22T14:50:49.778+07:00,327,33096.47,delivered,PayPal
556,144,338,2022-06-27T20:27:27.264+07:00,105,17414.43,processing,cash on delivery
557,929,39,2022-07-08T17:43:16.786+07:00,92,25995.45,pending,PayPal
558,233,822,2011-12-30T13:41:55.228+07:00,139,42338.23,processing,credit card
559,614,501,2022-12-03T14:34:41.173+07:00,87,23026.78,shipped,PayPal
560,921,771,2015-03-30T19:30:21.212+07:00,74,30597.87,delivered,PayPal
561,558,732,2018-12-13T04:54:43.815+07:00,288,45692.75,pending,PayPal
562,922,986,2019-01-27T05:10:19.611+07:00,363,49484.48,delivered,cash on delivery
563,827,340,2022-05-25T10:53:36.851+07:00,228,45813.43,delivered,PayPal
564,490,344,2019-03-10T02:15:49.415+07:00,222,33901.97,delivered,PayPal
565,650,687,2012-02-03T20:26:12.413+07:00,372,45282.03,shipped,cash on delivery
566,863,734,2021-08-19T17:48:39.538+07:00,67,40802.69,pending,cash on delivery
567,673,668,2016-05-15T07:35:26.545+07:00,343,26447.66,delivered,credit card
568,41,894,2011-12-21T17:43:17.896+07:00,275,13211.41,processing,PayPal
569,695,77,2018-11-10T07:39:29.114+07:00,69,46364.49,pending,credit card
570,204,486,2019-07-29T11:29:18.637+07:00,310,26130.38,pending,cash on delivery
571,382,458,2011-06-23T05:44:59.059+07:00,202,47593.25,delivered,PayPal
572,39,857,2017-06-06T14:43:42.686+07:00,229,29966.04,delivered,PayPal
573,174,56,2021-08-23T12:46:30.434+07:00,75,18795.92,shipped,credit card
574,625,414,2023-06-11T14:18:01.404+07:00,53,11089.16,pending,credit card
575,155,484,2020-01-07T05:32:12.756+07:00,134,39094.28,delivered,cash on delivery
576,833,139,2015-04-12T01:50:04.486+07:00,124,33634.87,processing,credit card
577,998,816,2018-07-23T10:35:06.351+07:00,33,37013.88,shipped,cash on delivery
578,182,286,2021-08-31T07:52:46.188+07:00,31,26717.99,shipped,credit card
579,432,458,2015-06-18T07:19:31.174+07:00,373,49376.71,processing,credit card
580,37,270,2018-08-20T06:36:03.743+07:00,350,38182.21,processing,credit card
581,602,817,2015-11-13T04:07:19.875+07:00,7,11447.77,shipped,PayPal
582,245,57,2022-02-08T21:20:24.857+07:00,33,19299.44,pending,PayPal
583,758,712,2011-06-09T20:27:49.532+07:00,208,41839.48,processing,credit card
584,564,634,2016-04-20T08:54:22.391+07:00,288,15753.18,delivered,PayPal
585,583,167,2022-01-05T06:32:44.050+07:00,99,21315.2,shipped,credit card
586,600,892,2019-09-01T10:11:47.445+07:00,50,48550.05,delivered,cash on delivery
587,8,929,2022-01-17T13:25:58.119+07:00,276,28889.77,processing,credit card
588,67,779,2015-04-07T00:04:01.258+07:00,32,24968.69,pending,PayPal
589,931,558,2022-03-13T04:25:40.697+07:00,191,39601.55,processing,PayPal
590,472,162,2014-02-01T23:13:27.831+07:00,149,41336.45,delivered,PayPal
591,75,50,2023-02-17T17:09:32.567+07:00,77,48925.71,shipped,credit card
592,350,316,2012-05-01T08:02:09.536+07:00,377,38820.37,pending,credit card
593,476,12,2012-05-30T12:35:04.800+07:00,120,32608.01,pending,cash on delivery
594,171,405,2014-11-30T00:04:28.194+07:00,344,31525.48,delivered,credit card
595,1000,202,2014-12-04T20:40:25.030+07:00,84,30553.22,processing,PayPal
596,667,598,2017-01-28T16:25:36.128+07:00,246,14040.78,pending,cash on delivery
597,43,799,2022-04-27T18:30:54.973+07:00,39,10074.63,delivered,PayPal
598,407,627,2010-08-21T23:13:12.124+07:00,342,32782.55,delivered,PayPal
599,764,818,2012-02-12T01:10:59.124+07:00,113,33398.4,processing,credit card
600,590,353,2020-10-10T17:18:22.685+07:00,306,15591.76,processing,cash on delivery
601,581,651,2022-10-03T11:38:25.825+07:00,171,32059.71,delivered,credit card
602,774,959,2015-09-13T21:28:25.727+07:00,25,40994.65,pending,credit card
603,890,802,2022-04-12T04:47:36.100+07:00,334,47259.8,shipped,PayPal
604,578,32,2023-09-07T15:26:13.522+07:00,201,39790.14,processing,PayPal
605,251,368,2021-05-05T16:00:37.786+07:00,244,46042.83,delivered,credit card
606,254,323,2020-11-23T06:14:13.539+07:00,187,39208.46,shipped,PayPal
607,659,21,2023-10-02T23:58:15.118+07:00,297,21059.96,pending,cash on delivery
608,100,385,2011-09-25T22:10:20.883+07:00,315,18631.84,shipped,PayPal
609,753,274,2010-10-27T11:18:46.108+07:00,107,37349.73,pending,PayPal
610,637,148,2012-10-30T03:12:36.591+07:00,211,47938.4,shipped,credit card
611,726,491,2016-06-19T13:15:56.302+07:00,62,34483.89,pending,credit card
612,154,237,2010-10-18T18:55:29.670+07:00,145,40151.56,pending,PayPal
613,720,694,2021-01-15T01:10:25.329+07:00,344,24455.33,processing,PayPal
614,594,776,2013-10-26T13:43:20.007+07:00,226,21274.81,delivered,PayPal
615,919,69,2022-04-24T06:34:25.352+07:00,65,37240.85,processing,PayPal
616,547,63,2011-10-08T01:58:11.546+07:00,396,43684.09,processing,PayPal
617,624,882,2010-07-25T18:28:13.401+07:00,52,40387.15,shipped,PayPal
618,565,207,2014-01-05T11:12:54.943+07:00,111,10985.39,delivered,PayPal
619,457,330,2011-05-19T14:35:21.130+07:00,262,45110.65,processing,cash on delivery
620,685,148,2014-09-08T17:32:09.849+07:00,11,12226.18,delivered,credit card
621,984,890,2023-06-19T03:07:26.191+07:00,128,49656.38,shipped,cash on delivery
622,712,585,2012-11-11T01:38:14.702+07:00,275,31676.22,shipped,cash on delivery
623,489,895,2011-04-06T03:40:00.188+07:00,2,48555.65,delivered,credit card
624,166,269,2013-09-22T14:47:52.157+07:00,187,41605.18,delivered,credit card
625,468,909,2020-08-21T11:06:39.608+07:00,341,41446.9,pending,cash on delivery
626,261,650,2019-06-25T21:18:41.960+07:00,321,12595.44,shipped,cash on delivery
627,269,490,2019-09-02T01:55:09.836+07:00,230,11574.13,processing,credit card
628,164,818,2019-01-23T21:10:19.505+07:00,192,40375.97,delivered,credit card
629,105,729,2018-12-27T19:15:57.111+07:00,306,33088.19,delivered,PayPal
630,885,494,2011-08-15T19:19:57.707+07:00,142,38043.21,pending,PayPal
631,585,902,2019-04-16T06:38:31.483+07:00,342,26631.24,shipped,cash on delivery
632,362,686,2017-05-27T15:25:58.968+07:00,144,46249.67,delivered,cash on delivery
633,67,877,2020-10-26T13:57:00.055+07:00,133,37783.28,pending,PayPal
634,965,11,2013-08-07T07:57:39.563+07:00,57,15810.04,pending,PayPal
635,818,373,2015-02-04T20:59:26.324+07:00,183,33601.06,pending,credit card
636,456,916,2013-05-06T12:51:39.978+07:00,23,39046.25,processing,credit card
637,844,399,2014-12-30T02:16:34.624+07:00,143,15093.93,pending,credit card
638,918,541,2015-06-16T06:47:33.144+07:00,7,15689.35,shipped,cash on delivery
639,207,732,2014-09-10T01:33:35.743+07:00,135,21260.69,delivered,cash on delivery
640,710,143,2017-09-13T11:59:03.167+07:00,397,24792.9,delivered,cash on delivery
641,28,983,2022-01-23T16:41:37.729+07:00,367,13076.31,processing,PayPal
642,163,286,2018-12-02T08:16:21.585+07:00,94,48403.62,processing,cash on delivery
643,133,73,2015-02-01T07:51:01.859+07:00,83,29147.93,delivered,cash on delivery
644,167,79,2012-03-25T00:26:58.807+07:00,135,31526.34,shipped,PayPal
645,283,918,2014-05-06T15:05:00.271+07:00,150,26743.39,pending,credit card
646,392,921,2023-09-09T03:55:29.496+07:00,64,17680.4,shipped,PayPal
647,973,609,2021-11-29T03:55:56.357+07:00,383,46628.37,shipped,cash on delivery
648,475,755,2018-01-13T08:19:13.230+07:00,292,38692.9,shipped,PayPal
649,222,121,2021-12-20T04:08:42.485+07:00,37,46084.23,delivered,PayPal
650,847,306,2021-01-31T16:43:11.852+07:00,152,25242.95,shipped,cash on delivery
651,15,323,2023-12-09T08:15:18.293+07:00,371,31976.16,shipped,credit card
652,941,762,2014-10-20T16:21:17.792+07:00,231,23944.52,processing,credit card
653,256,617,2024-01-11T03:51:19.856+07:00,140,12535.21,processing,credit card
654,627,97,2017-10-06T13:20:52.673+07:00,387,10363.5,pending,credit card
655,387,659,2017-02-22T12:28:48.951+07:00,207,15544.74,pending,credit card
656,979,737,2019-03-09T04:38:06.102+07:00,118,44737.81,shipped,credit card
657,457,656,2011-08-25T02:42:47.672+07:00,145,19038.33,delivered,PayPal
658,635,920,2022-01-05T13:54:51.846+07:00,80,31453.66,processing,credit card
659,726,17,2022-01-07T08:46:04.205+07:00,186,47548.22,shipped,credit card
660,222,754,2020-02-02T18:20:17.984+07:00,175,11022.93,delivered,PayPal
661,937,210,2023-01-09T06:25:52.368+07:00,376,35432.91,delivered,cash on delivery
662,946,157,2019-10-18T02:21:07.227+07:00,192,46900.55,shipped,PayPal
663,148,457,2019-12-22T04:54:50.746+07:00,108,47007.53,processing,cash on delivery
664,94,25,2022-06-18T22:49:54.458+07:00,391,17613.59,pending,PayPal
665,175,536,2019-03-08T05:47:43.345+07:00,101,33678.8,shipped,credit card
666,862,990,2024-01-07T13:03:42.570+07:00,98,39767.15,shipped,cash on delivery
667,546,284,2022-01-16T15:18:39.623+07:00,187,45312.18,pending,credit card
668,518,727,2012-12-05T14:31:52.489+07:00,299,49361.97,processing,PayPal
669,443,538,2014-05-24T15:15:00.767+07:00,139,36273.26,shipped,cash on delivery
670,873,450,2013-09-10T16:35:29.465+07:00,328,29679.77,processing,cash on delivery
671,439,713,2021-09-29T21:46:38.968+07:00,75,42997.34,shipped,PayPal
672,981,224,2023-04-08T07:18:34.503+07:00,247,24142.75,delivered,credit card
673,461,583,2021-05-24T10:24:02.299+07:00,363,38212.78,pending,credit card
674,474,347,2023-08-16T17:10:20.645+07:00,136,37540.88,delivered,PayPal
675,568,297,2014-07-06T00:56:53.755+07:00,400,47739.51,delivered,cash on delivery
676,544,182,2014-10-23T04:21:39.971+07:00,210,38977.74,shipped,cash on delivery
677,97,898,2020-08-29T00:59:59.777+07:00,45,17541.64,shipped,credit card
678,164,958,2021-06-25T16:46:16.237+07:00,107,12533.29,delivered,cash on delivery
679,509,87,2017-04-28T04:42:42.601+07:00,142,14294.5,delivered,PayPal
680,165,746,2018-04-20T06:09:22.551+07:00,112,32166.69,pending,credit card
681,178,90,2016-10-03T17:23:26.232+07:00,385,17368.77,shipped,cash on delivery
682,851,637,2014-10-04T07:00:36.196+07:00,214,17769.27,delivered,PayPal
683,844,578,2023-06-26T17:29:16.248+07:00,233,40115.38,processing,PayPal
684,145,786,2021-01-16T19:57:57.650+07:00,196,17071.84,shipped,credit card
685,176,675,2016-01-07T23:21:44.574+07:00,296,41287.48,delivered,PayPal
686,238,158,2022-03-19T13:38:47.453+07:00,2,25469.48,processing,cash on delivery
687,494,598,2011-09-27T08:22:09.897+07:00,317,41270.99,pending,PayPal
688,137,512,2023-04-27T19:06:52.699+07:00,93,44582.11,pending,cash on delivery
689,266,746,2011-07-10T21:15:33.623+07:00,76,22761.79,shipped,credit card
690,26,661,2017-10-09T15:02:27.995+07:00,135,43113.17,shipped,cash on delivery
691,866,955,2022-05-11T15:43:17.929+07:00,392,14097.14,shipped,credit card
692,434,201,2019-01-05T00:37:13.041+07:00,197,36420.88,delivered,PayPal
693,14,359,2015-11-03T18:35:26.085+07:00,115,48920.19,shipped,PayPal
694,22,255,2021-07-15T20:36:07.756+07:00,309,32322.39,delivered,PayPal
695,85,187,2022-12-05T10:29:06.550+07:00,177,30907.79,pending,cash on delivery
696,186,950,2017-05-11T00:58:32.335+07:00,290,41653.83,pending,PayPal
697,823,885,2015-11-08T19:48:38.406+07:00,318,19852.95,processing,cash on delivery
698,913,107,2014-06-14T23:18:09.516+07:00,185,41379.02,shipped,credit card
699,810,294,2011-05-13T12:42:43.190+07:00,351,12540.13,delivered,PayPal
700,669,159,2010-10-11T01:59:30.686+07:00,273,14225.38,pending,cash on delivery
701,36,561,2015-07-09T16:51:45.132+07:00,256,32312.38,shipped,cash on delivery
702,874,543,2020-03-27T21:51:43.809+07:00,115,44759.05,shipped,PayPal
703,746,881,2010-04-03T12:38:25.485+07:00,255,20423.66,delivered,cash on delivery
704,197,184,2022-08-17T09:45:55.555+07:00,162,12262.85,pending,PayPal
705,248,476,2023-08-22T16:13:31.713+07:00,228,47967.69,shipped,PayPal
706,760,711,2013-09-19T06:28:39.850+07:00,142,16340,processing,cash on delivery
707,206,958,2019-08-23T19:26:12.597+07:00,239,13942.87,processing,cash on delivery
708,499,475,2021-07-05T06:28:25.962+07:00,109,49546.24,processing,credit card
709,447,548,2022-02-26T09:31:58.314+07:00,42,46504.02,pending,credit card
710,317,339,2015-01-13T19:44:54.800+07:00,303,39857.67,processing,cash on delivery
711,500,571,2022-07-07T03:03:58.900+07:00,219,23895.71,delivered,credit card
712,569,494,2018-10-01T06:47:37.739+07:00,65,36886.69,pending,PayPal
713,894,968,2021-08-24T00:16:27.117+07:00,173,39401.22,shipped,cash on delivery
714,381,503,2023-03-06T04:37:49.772+07:00,79,19741.18,shipped,credit card
715,56,536,2010-11-16T20:40:09.020+07:00,161,18067.96,delivered,PayPal
716,599,91,2017-02-15T18:38:34.867+07:00,57,37501.12,shipped,PayPal
717,49,130,2019-03-01T00:41:45.841+07:00,356,30237.03,shipped,credit card
718,198,405,2016-08-10T20:17:03.593+07:00,106,43586.33,pending,credit card
719,259,804,2016-06-11T17:29:33.832+07:00,239,25265.47,delivered,cash on delivery
720,344,24,2012-09-17T18:01:46.213+07:00,13,28615.11,delivered,PayPal
721,588,775,2011-03-15T09:49:02.577+07:00,263,16778.96,processing,credit card
722,896,442,2015-10-29T10:16:48.656+07:00,347,13455.67,pending,PayPal
723,9,126,2011-09-03T14:07:47.901+07:00,43,35939.21,shipped,cash on delivery
724,619,16,2013-11-02T16:51:35.903+07:00,216,10439.39,shipped,cash on delivery
725,306,222,2016-01-22T02:40:21.327+07:00,305,10974.96,delivered,PayPal
726,795,405,2016-04-25T20:09:42.344+07:00,156,30169.65,shipped,PayPal
727,987,990,2015-01-09T01:29:57.645+07:00,328,29417.51,shipped,credit card
728,807,866,2017-03-13T00:06:08.109+07:00,97,14198.24,pending,PayPal
729,786,430,2011-11-11T02:09:03.399+07:00,230,25273.21,shipped,cash on delivery
730,355,276,2010-05-06T06:33:19.725+07:00,55,45622.87,shipped,credit card
731,772,396,2021-12-31T18:50:57.513+07:00,251,21131.3,processing,PayPal
732,604,818,2011-05-10T03:28:19.559+07:00,29,30366.11,shipped,PayPal
733,607,708,2016-10-20T08:13:16.521+07:00,389,43802.52,shipped,PayPal
734,328,212,2021-06-29T22:04:16.002+07:00,275,22751.15,shipped,cash on delivery
735,191,673,2023-11-20T12:14:35.332+07:00,108,29925.23,shipped,credit card
736,164,520,2017-12-06T13:32:18.583+07:00,211,10914.03,delivered,cash on delivery
737,692,567,2010-10-18T07:32:47.596+07:00,98,43874.87,pending,PayPal
738,715,570,2020-02-12T00:43:30.090+07:00,327,33744.6,shipped,cash on delivery
739,151,978,2015-08-03T16:49:13.024+07:00,128,29239.72,shipped,credit card
740,918,854,2010-12-01T06:51:30.372+07:00,366,38498.72,shipped,credit card
741,280,585,2014-01-26T08:59:57.519+07:00,283,26400.04,processing,credit card
742,73,835,2023-07-17T04:31:04.854+07:00,236,39158.87,processing,cash on delivery
743,946,276,2017-06-10T20:05:44.567+07:00,369,37859.84,pending,credit card
744,458,323,2018-05-12T17:02:05.675+07:00,289,41344.69,processing,credit card
745,253,406,2012-08-03T21:30:51.524+07:00,300,32669.4,shipped,PayPal
746,447,435,2014-02-25T18:56:00.834+07:00,395,37229.22,shipped,PayPal
747,898,68,2023-03-30T09:03:04.186+07:00,189,26642.75,shipped,credit card
748,544,823,2011-11-30T01:13:06.770+07:00,293,43710.87,processing,credit card
749,704,33,2016-11-17T23:15:06.309+07:00,183,44165.19,shipped,credit card
750,494,181,2010-01-14T09:36:12.182+07:00,59,15797.8,delivered,credit card
751,362,526,2015-12-28T21:54:53.351+07:00,149,40216.57,delivered,credit card
752,603,46,2014-03-07T15:42:23.183+07:00,75,31855.65,processing,PayPal
753,921,778,2012-11-11T23:27:14.391+07:00,64,15821.34,shipped,PayPal
754,797,666,2016-08-24T15:59:18.099+07:00,327,40229.78,processing,PayPal
755,605,960,2023-06-16T18:09:32.771+07:00,104,24757.21,processing,credit card
756,431,995,2013-07-12T21:03:58.504+07:00,216,45731.62,shipped,cash on delivery
757,493,215,2019-08-09T09:39:44.663+07:00,354,40654.85,shipped,cash on delivery
758,544,104,2014-10-11T20:51:36.093+07:00,83,49819.24,processing,cash on delivery
759,790,101,2020-10-21T14:44:38.630+07:00,199,25327.86,delivered,credit card
760,941,60,2016-04-26T08:09:50.210+07:00,70,16840.7,processing,PayPal
761,197,62,2016-01-15T06:06:18.382+07:00,207,20386.34,pending,credit card
762,119,169,2018-10-28T23:59:10.855+07:00,48,41690.46,delivered,PayPal
763,23,844,2011-10-27T11:17:49.461+07:00,152,40921.77,pending,cash on delivery
764,573,541,2012-10-25T21:03:03.170+07:00,9,41415.44,processing,cash on delivery
765,608,143,2021-04-05T22:44:52.153+07:00,207,18608.78,pending,cash on delivery
766,296,804,2019-11-21T13:25:36.612+07:00,161,44322.59,processing,PayPal
767,399,197,2015-09-13T12:08:56.493+07:00,393,38275.79,delivered,PayPal
768,153,119,2012-09-07T11:24:48.090+07:00,132,28638.97,pending,credit card
769,166,264,2012-11-24T19:17:50.547+07:00,284,25232.87,shipped,cash on delivery
770,37,238,2015-09-16T15:27:59.350+07:00,159,48102.97,pending,cash on delivery
771,420,362,2012-10-27T12:06:49.886+07:00,292,18436.08,processing,PayPal
772,21,259,2015-04-07T22:30:45.263+07:00,10,23404.81,shipped,cash on delivery
773,23,808,2023-11-19T21:05:21.276+07:00,121,15506.71,processing,cash on delivery
774,837,722,2019-04-16T06:45:33.073+07:00,340,25426.97,delivered,cash on delivery
775,647,547,2014-05-01T19:40:41.342+07:00,98,13865.14,delivered,cash on delivery
776,830,993,2016-03-26T14:06:19.689+07:00,293,42826.6,processing,PayPal
777,186,245,2016-05-07T16:17:03.186+07:00,285,31090.08,processing,cash on delivery
778,955,894,2016-08-02T04:22:45.975+07:00,180,18985.31,pending,PayPal
779,118,593,2022-09-01T22:46:09.149+07:00,160,11009.14,shipped,credit card
780,913,265,2010-12-11T12:31:02.397+07:00,75,20684.71,shipped,cash on delivery
781,11,178,2021-06-24T04:37:20.066+07:00,219,48958.52,processing,credit card
782,711,153,2019-02-11T17:21:19.055+07:00,285,29037.41,shipped,cash on delivery
783,314,195,2023-07-27T06:03:06.785+07:00,319,15767.85,processing,PayPal
784,440,489,2018-04-16T03:23:15.965+07:00,197,31463.14,processing,PayPal
785,929,321,2010-05-08T19:42:03.249+07:00,10,17821.97,delivered,credit card
786,62,612,2023-07-02T04:28:00.714+07:00,78,17324.65,delivered,credit card
787,607,710,2012-12-29T14:31:51.805+07:00,91,43188.72,pending,credit card
788,517,628,2011-04-02T16:08:52.423+07:00,148,43394.25,delivered,cash on delivery
789,387,254,2020-03-20T09:50:03.616+07:00,40,42264.35,processing,cash on delivery
790,850,355,2014-07-17T10:39:34.055+07:00,335,22653.43,shipped,credit card
791,31,557,2013-11-25T12:21:49.312+07:00,135,22793.44,shipped,PayPal
792,760,408,2016-02-25T17:21:15.598+07:00,233,44393.78,shipped,PayPal
793,822,466,2012-02-01T14:58:01.667+07:00,297,23702.48,delivered,credit card
794,953,348,2011-09-29T17:00:16.017+07:00,279,24493.62,delivered,cash on delivery
795,611,13,2011-06-22T22:14:02.153+07:00,277,30106.03,shipped,cash on delivery
796,248,239,2015-09-30T00:36:27.389+07:00,392,24905.9,pending,credit card
797,469,41,2014-04-01T09:36:28.044+07:00,219,46544.91,shipped,cash on delivery
798,476,591,2015-07-02T01:14:51.011+07:00,299,40280.27,delivered,credit card
799,226,258,2015-08-08T19:08:13.098+07:00,261,43709.79,processing,PayPal
800,511,473,2010-05-13T17:44:40.479+07:00,184,40185.32,processing,cash on delivery
801,926,199,2014-10-09T16:01:23.507+07:00,72,45516.35,shipped,cash on delivery
802,147,224,2010-07-07T22:46:18.944+07:00,168,36362.64,pending,PayPal
803,451,205,2010-01-16T01:49:20.134+07:00,109,12255.72,pending,PayPal
804,396,265,2024-01-29T09:02:41.564+07:00,140,23183.18,processing,credit card
805,463,210,2021-03-15T21:28:16.348+07:00,369,11216.88,pending,credit card
806,674,448,2019-11-29T08:25:50.500+07:00,124,35123.79,shipped,credit card
807,573,766,2019-12-08T12:24:43.486+07:00,215,44008.75,shipped,PayPal
808,368,759,2014-05-28T20:12:17.187+07:00,62,35707.23,processing,cash on delivery
809,394,573,2022-03-28T16:28:37.236+07:00,362,39944.75,delivered,credit card
810,695,937,2020-06-26T20:53:17.911+07:00,234,30663.69,shipped,cash on delivery
811,367,399,2020-04-05T04:59:12.117+07:00,280,19040.45,shipped,PayPal
812,992,785,2015-03-21T11:11:04.263+07:00,340,15793.25,processing,credit card
813,681,433,2022-02-07T05:13:50.423+07:00,189,12373.11,delivered,credit card
814,178,271,2019-02-10T18:03:02.891+07:00,182,41298.49,pending,cash on delivery
815,904,293,2022-11-27T06:54:33.611+07:00,383,41778.87,shipped,cash on delivery
816,466,762,2021-01-16T20:08:37.652+07:00,366,25455.12,delivered,credit card
817,370,544,2021-05-03T05:43:42.516+07:00,162,37376.62,delivered,cash on delivery
818,749,747,2012-08-22T20:18:17.024+07:00,376,42012.61,processing,PayPal
819,833,984,2011-10-20T22:59:34.343+07:00,193,20724.24,shipped,PayPal
820,854,554,2023-10-16T08:32:21.536+07:00,285,23553.11,pending,PayPal
821,315,158,2019-05-23T18:39:20.390+07:00,198,16094.25,delivered,PayPal
822,586,420,2013-09-11T08:59:20.655+07:00,55,49378.23,delivered,credit card
823,699,738,2023-07-16T13:26:41.203+07:00,127,25999.58,processing,credit card
824,408,529,2022-10-26T10:16:56.501+07:00,2,13602.65,pending,PayPal
825,731,406,2010-04-20T07:23:19.760+07:00,176,18440.47,processing,credit card
826,320,742,2012-01-11T18:00:00.823+07:00,291,31243.25,pending,PayPal
827,47,327,2017-06-23T01:39:37.769+07:00,138,12248.1,shipped,cash on delivery
828,303,204,2013-01-26T17:55:24.053+07:00,329,36564.51,processing,cash on delivery
829,857,905,2010-12-27T16:45:46.158+07:00,295,36835.36,processing,cash on delivery
830,34,275,2019-02-19T02:59:55.644+07:00,59,35435.54,pending,credit card
831,482,733,2022-04-10T05:30:34.704+07:00,30,28037.95,pending,PayPal
832,784,388,2017-11-16T06:53:58.852+07:00,231,34447.46,shipped,PayPal
833,884,468,2019-09-19T13:12:33.366+07:00,174,36858.47,shipped,PayPal
834,611,264,2023-11-01T05:00:32.294+07:00,140,31745.96,shipped,cash on delivery
835,896,18,2011-11-05T05:09:50.110+07:00,68,12277.78,delivered,cash on delivery
836,203,243,2020-04-15T19:17:14.818+07:00,280,49007.4,shipped,credit card
837,968,853,2017-10-22T05:30:04.871+07:00,92,27694.13,shipped,credit card
838,877,856,2015-10-29T20:43:26.285+07:00,282,46531.71,processing,cash on delivery
839,169,858,2015-05-18T23:24:28.701+07:00,371,18152.15,pending,credit card
840,610,585,2017-09-18T08:38:44.834+07:00,301,22932.5,processing,credit card
841,193,462,2011-07-08T01:56:58.904+07:00,185,39483.32,shipped,cash on delivery
842,963,847,2022-06-24T18:58:53.304+07:00,55,33811.61,processing,cash on delivery
843,586,976,2021-04-23T05:54:08.405+07:00,197,38898.87,pending,credit card
844,684,601,2014-09-15T07:15:30.761+07:00,390,22844.36,processing,PayPal
845,633,130,2012-12-26T15:35:32.828+07:00,60,17621.67,processing,PayPal
846,631,320,2010-01-23T21:25:57.228+07:00,28,40849.19,delivered,credit card
847,626,556,2016-09-20T17:10:34.309+07:00,144,12845.42,processing,credit card
848,129,716,2013-05-18T02:26:56.088+07:00,218,39095.04,delivered,credit card
849,810,124,2015-05-04T21:33:43.173+07:00,264,43731.32,shipped,cash on delivery
850,724,586,2010-05-21T13:48:54.720+07:00,343,24758.39,shipped,cash on delivery
851,70,361,2015-06-23T18:18:54.609+07:00,81,11014.33,delivered,PayPal
852,454,771,2018-05-22T03:29:13.291+07:00,239,35876.31,shipped,PayPal
853,989,75,2013-01-29T19:47:33.070+07:00,331,35397.02,pending,credit card
854,904,739,2017-09-23T22:50:42.632+07:00,357,30567.03,pending,cash on delivery
855,128,148,2018-04-15T08:03:18.416+07:00,272,42950.94,shipped,cash on delivery
856,231,40,2011-06-20T14:39:14.629+07:00,32,14482.13,delivered,PayPal
857,289,791,2016-03-13T18:45:47.131+07:00,5,17025,delivered,credit card
858,206,341,2023-02-15T17:52:30.029+07:00,288,39623.28,shipped,cash on delivery
859,149,990,2012-06-02T15:27:59.287+07:00,47,41839.78,shipped,cash on delivery
860,56,653,2014-04-26T10:07:03.483+07:00,311,38141.92,processing,PayPal
861,586,423,2011-10-09T20:19:34.491+07:00,194,42238.33,shipped,PayPal
862,349,43,2020-05-27T02:41:26.895+07:00,228,46566.4,pending,PayPal
863,158,595,2023-03-02T06:40:37.793+07:00,104,43504.16,processing,cash on delivery
864,932,103,2021-01-03T09:44:06.851+07:00,337,45627.81,shipped,cash on delivery
865,559,645,2021-07-07T02:41:29.778+07:00,127,21617.84,delivered,PayPal
866,696,350,2013-03-21T02:37:10.190+07:00,59,42143.14,processing,cash on delivery
867,760,696,2010-04-30T07:24:54.608+07:00,5,17225.73,pending,PayPal
868,474,23,2019-09-09T09:08:54.225+07:00,28,33182.51,processing,cash on delivery
869,281,537,2014-09-07T10:19:30.110+07:00,170,42928.62,processing,PayPal
870,769,607,2014-09-14T09:29:47.568+07:00,83,13696.73,pending,cash on delivery
871,549,889,2013-01-01T15:51:42.568+07:00,230,19502.48,pending,PayPal
872,508,662,2010-07-15T13:32:29.843+07:00,263,46841,processing,credit card
873,475,361,2020-01-29T17:21:21.730+07:00,286,13192.29,processing,PayPal
874,824,691,2021-11-20T21:27:03.481+07:00,369,34251,pending,cash on delivery
875,88,529,2013-09-09T19:47:39.061+07:00,121,46145.19,shipped,PayPal
876,996,790,2017-03-27T14:23:26.074+07:00,300,45380.57,pending,credit card
877,373,656,2020-08-22T20:18:39.454+07:00,164,23745.11,delivered,cash on delivery
878,179,770,2010-04-06T13:51:47.456+07:00,104,49586.72,shipped,PayPal
879,202,107,2022-06-06T05:06:34.291+07:00,346,23310.83,delivered,cash on delivery
880,872,134,2018-07-10T05:13:29.372+07:00,157,39636.49,delivered,PayPal
881,22,289,2010-09-15T15:45:36.044+07:00,139,20265.12,delivered,cash on delivery
882,427,959,2018-01-27T16:03:37.618+07:00,36,33889.12,shipped,cash on delivery
883,704,1000,2012-06-23T15:15:22.743+07:00,160,19871.62,shipped,credit card
884,954,305,2010-06-09T12:27:13.411+07:00,361,26712.84,shipped,cash on delivery
885,907,390,2014-02-12T14:10:07.447+07:00,176,19036.12,shipped,credit card
886,120,129,2014-07-14T08:51:00.162+07:00,221,33949.68,pending,PayPal
887,238,960,2011-11-18T21:06:35.254+07:00,120,45492.09,processing,cash on delivery
888,332,825,2010-04-10T19:01:30.729+07:00,295,10410.89,pending,credit card
889,53,126,2018-11-10T06:41:40.521+07:00,283,12972.25,processing,PayPal
890,120,51,2013-05-08T22:53:18.054+07:00,58,47441.22,shipped,PayPal
891,339,101,2013-09-01T20:25:19.733+07:00,269,14980.72,processing,cash on delivery
892,78,206,2012-01-03T11:03:06.232+07:00,299,27599.12,delivered,PayPal
893,130,254,2022-11-23T04:44:51.798+07:00,228,13276.25,pending,PayPal
894,226,190,2019-01-24T14:35:23.710+07:00,306,23391.31,processing,cash on delivery
895,157,256,2023-08-14T14:00:33.971+07:00,65,33308.42,processing,cash on delivery
896,559,50,2012-02-26T14:16:40.408+07:00,218,10202.93,pending,credit card
897,970,546,2019-03-12T17:56:29.956+07:00,141,15053.71,pending,credit card
898,900,13,2012-07-03T14:52:19.696+07:00,69,12914.86,shipped,cash on delivery
899,226,576,2019-09-04T17:45:58.557+07:00,290,31043.47,pending,credit card
900,864,707,2011-08-26T23:17:42.047+07:00,303,34000.96,pending,cash on delivery
901,313,562,2015-05-11T14:16:01.938+07:00,352,16210.38,shipped,PayPal
902,551,850,2016-05-21T21:08:59.861+07:00,235,48422.4,shipped,PayPal
903,926,87,2012-09-12T18:28:28.006+07:00,356,29232.76,shipped,cash on delivery
904,58,974,2015-08-28T16:31:32.850+07:00,380,37843.36,pending,cash on delivery
905,345,337,2017-03-25T08:09:06.677+07:00,338,16512.83,delivered,credit card
906,750,826,2011-11-05T11:55:13.047+07:00,247,46690.48,shipped,cash on delivery
907,64,847,2022-02-12T17:49:14.413+07:00,362,10242.38,shipped,credit card
908,167,273,2018-09-14T19:40:51.517+07:00,368,39367.11,delivered,cash on delivery
909,479,60,2018-09-22T23:40:56.597+07:00,232,44139.3,pending,PayPal
910,780,546,2014-01-04T07:59:49.547+07:00,304,14971.85,pending,cash on delivery
911,961,202,2014-06-17T11:53:50.170+07:00,213,13716.18,processing,PayPal
912,368,815,2015-08-27T22:20:36.217+07:00,149,22656.29,processing,PayPal
913,305,534,2018-08-23T23:45:47.661+07:00,397,43051.57,delivered,credit card
914,380,230,2011-04-21T14:49:43.203+07:00,181,33365.13,shipped,credit card
915,960,932,2023-03-16T01:35:34.586+07:00,183,44940.56,processing,cash on delivery
916,923,194,2016-08-01T02:08:44.241+07:00,135,31079.24,pending,credit card
917,347,442,2020-12-20T20:37:19.929+07:00,86,45127.04,processing,credit card
918,158,965,2017-01-17T20:13:48.587+07:00,139,11704.43,processing,credit card
919,461,980,2020-12-30T20:48:48.420+07:00,34,15871.72,shipped,credit card
920,121,43,2022-06-21T23:46:17.512+07:00,381,34840.13,delivered,PayPal
921,100,478,2012-11-01T16:45:19.650+07:00,32,43603.25,pending,cash on delivery
922,956,341,2011-10-07T12:22:02.845+07:00,104,16083.35,pending,cash on delivery
923,872,740,2017-04-08T11:04:07.778+07:00,121,11590.73,delivered,credit card
924,207,210,2022-07-07T17:07:13.548+07:00,262,41677.52,shipped,cash on delivery
925,159,742,2016-05-19T14:08:10.817+07:00,137,20976.46,delivered,PayPal
926,33,789,2022-08-29T12:43:24.259+07:00,322,25607.68,delivered,PayPal
927,41,870,2013-03-05T11:50:38.130+07:00,375,42949.35,processing,cash on delivery
928,804,23,2010-10-22T09:20:06.999+07:00,369,25380.17,shipped,credit card
929,908,743,2013-06-22T11:44:41.250+07:00,18,22380.16,shipped,PayPal
930,734,447,2010-09-18T02:10:36.055+07:00,365,43854.21,shipped,PayPal
931,713,773,2012-03-08T21:02:05.965+07:00,272,44207.86,delivered,credit card
932,238,3,2017-08-07T21:48:18.404+07:00,130,21955.69,delivered,PayPal
933,151,765,2010-07-04T23:19:59.801+07:00,211,38281.41,processing,credit card
934,969,494,2012-12-27T15:31:15.032+07:00,344,12918.34,pending,PayPal
935,229,624,2016-06-18T04:53:10.270+07:00,38,15076,shipped,credit card
936,951,880,2010-12-05T05:52:06.154+07:00,330,15954.13,processing,PayPal
937,178,523,2020-03-24T00:48:29.810+07:00,170,44694.88,processing,PayPal
938,543,333,2023-07-13T12:56:44.123+07:00,57,49610.4,processing,cash on delivery
939,324,694,2017-02-01T08:44:45.766+07:00,201,24995.87,delivered,credit card
940,637,454,2019-07-18T01:52:58.296+07:00,159,43756.74,shipped,cash on delivery
941,905,2,2012-04-04T00:10:32.856+07:00,112,23471.85,delivered,cash on delivery
942,475,194,2016-06-27T06:28:40.019+07:00,194,19264.37,delivered,cash on delivery
943,313,615,2018-07-18T17:11:26.096+07:00,138,25989.69,pending,PayPal
944,733,974,2013-05-07T14:32:36.549+07:00,30,25259.11,delivered,cash on delivery
945,312,828,2014-08-21T06:34:59.636+07:00,169,39002.29,shipped,credit card
946,131,547,2018-11-29T17:21:49.111+07:00,388,31624.22,processing,credit card
947,606,778,2012-01-27T13:16:38.140+07:00,324,11570.08,delivered,credit card
948,342,424,2019-07-19T00:57:27.425+07:00,154,39773.24,pending,credit card
949,764,793,2021-12-23T04:55:09.205+07:00,333,29886.33,processing,credit card
950,437,960,2012-11-14T12:46:26.624+07:00,375,20356.38,shipped,PayPal
951,826,564,2015-06-27T08:37:11.422+07:00,244,14070.87,delivered,cash on delivery
952,323,896,2011-08-10T06:31:53.446+07:00,22,29098.99,pending,credit card
953,942,995,2013-01-07T03:47:20.362+07:00,79,35379.8,processing,credit card
954,147,897,2017-05-07T02:49:23.218+07:00,118,47641.13,delivered,credit card
955,694,492,2014-05-20T06:16:16.666+07:00,154,41706.7,delivered,PayPal
956,782,107,2014-07-23T17:33:53.203+07:00,276,33603.83,shipped,PayPal
957,410,357,2023-08-12T14:40:54.237+07:00,196,47106.87,delivered,PayPal
958,980,901,2023-11-09T21:29:50.195+07:00,307,31151.83,processing,credit card
959,67,273,2015-09-20T22:34:37.507+07:00,393,43703.41,shipped,PayPal
960,484,27,2018-08-18T16:37:42.264+07:00,100,22801.47,processing,cash on delivery
961,126,325,2015-12-10T09:49:14.949+07:00,323,39680.06,delivered,cash on delivery
962,953,968,2010-01-16T18:30:35.853+07:00,190,11138.89,delivered,cash on delivery
963,595,598,2013-02-25T23:30:05.568+07:00,291,23473.24,processing,cash on delivery
964,63,885,2012-12-10T07:27:49.306+07:00,219,34630.89,delivered,PayPal
965,80,779,2010-11-04T17:19:52.818+07:00,113,21249.04,shipped,credit card
966,495,811,2013-10-21T10:28:03.443+07:00,353,34957.32,processing,credit card
967,523,854,2019-05-17T23:52:18.485+07:00,149,23909.2,shipped,cash on delivery
968,421,774,2022-02-04T23:15:59.304+07:00,150,12541.44,delivered,credit card
969,811,757,2014-12-17T16:54:07.589+07:00,55,12677.8,shipped,cash on delivery
970,53,97,2015-03-25T12:46:32.285+07:00,251,44162.56,pending,PayPal
971,623,504,2022-09-15T15:32:13.765+07:00,222,28000.34,processing,credit card
972,427,681,2022-04-25T17:47:50.969+07:00,216,32171.27,delivered,PayPal
973,309,12,2010-05-03T20:20:12.049+07:00,179,12783.46,delivered,PayPal
974,677,484,2010-08-25T17:12:28.634+07:00,112,44634.31,pending,credit card
975,435,520,2013-08-07T23:10:06.108+07:00,195,35001.36,pending,PayPal
976,92,538,2018-04-10T10:10:09.384+07:00,49,45240.42,pending,credit card
977,312,239,2017-12-21T07:38:52.414+07:00,202,33135.56,delivered,credit card
978,629,304,2010-06-21T17:39:52.712+07:00,132,32171.68,shipped,cash on delivery
979,253,194,2022-12-26T12:17:55.776+07:00,99,39308.39,pending,credit card
980,927,350,2023-06-07T20:02:57.951+07:00,283,16012.07,shipped,PayPal
981,280,800,2011-04-30T01:40:11.616+07:00,223,46948.27,delivered,credit card
982,228,826,2015-05-14T21:43:04.312+07:00,7,11913.81,pending,credit card
983,604,331,2011-12-22T16:41:48.316+07:00,246,15864.4,delivered,credit card
984,801,272,2012-06-02T16:25:02.247+07:00,21,44664.48,shipped,credit card
985,677,225,2019-08-08T09:29:43.480+07:00,183,25267.74,pending,PayPal
986,914,185,2018-06-30T21:28:45.093+07:00,45,22986.39,processing,cash on delivery
987,204,797,2017-03-04T01:34:54.559+07:00,206,37758.13,pending,PayPal
988,964,753,2022-09-09T21:03:17.085+07:00,79,15761.79,pending,PayPal
989,192,614,2018-05-30T22:38:54.972+07:00,224,42378.39,shipped,credit card
990,167,642,2010-02-19T17:39:20.983+07:00,239,44669.41,shipped,cash on delivery
991,530,637,2015-03-06T00:07:13.467+07:00,111,31907.03,delivered,cash on delivery
992,144,691,2019-10-19T12:44:58.153+07:00,289,33192.27,delivered,cash on delivery
993,845,284,2024-01-02T14:21:04.677+07:00,373,27304.2,shipped,PayPal
994,761,320,2021-01-14T21:40:29.372+07:00,104,21473.15,pending,PayPal
995,364,519,2019-10-17T14:31:36.265+07:00,214,34794.46,shipped,PayPal
996,599,134,2010-01-27T08:25:01.518+07:00,232,32453.82,pending,cash on delivery
997,816,176,2016-02-16T11:59:25.814+07:00,281,33355.47,shipped,credit card
998,382,885,2016-03-18T12:57:13.696+07:00,233,44892.68,pending,cash on delivery
999,450,317,2018-11-19T10:05:42.916+07:00,352,49556.24,shipped,cash on delivery
1000,485,1,2019-05-11T11:55:50.528+07:00,81,26137.22,shipped,PayPal
